{
  "images": [
    {
      "appearances": [],
      "idiom": "universal"
    },
    {
      "appearances": [],
      "scale": "1x",
      "idiom": "universal",
      "filename": "album.png"
    },
    {
      "appearances": [],
      "scale": "2x",
      "idiom": "universal",
      "filename": "album@2x.png"
    },
    {
      "appearances": [],
      "scale": "3x",
      "idiom": "universal",
      "filename": "album@3x.png"
    },
    {
      "appearances": [],
      "idiom": "iphone"
    },
    {
      "appearances": [],
      "scale": "1x",
      "idiom": "iphone"
    },
    {
      "appearances": [],
      "scale": "2x",
      "idiom": "iphone",
      "subtype": "retina4"
    },
    {
      "appearances": [],
      "scale": "3x",
      "idiom": "iphone"
    },
    {
      "appearances": [],
      "idiom": "ipad"
    },
    {
      "appearances": [],
      "scale": "1x",
      "idiom": "ipad"
    },
    {
      "appearances": [],
      "scale": "2x",
      "idiom": "ipad"
    },
    {
      "appearances": [],
      "scale": "2x",
      "idiom": "car"
    },
    {
      "appearances": [],
      "scale": "3x",
      "idiom": "car"
    },
    {
      "appearances": [],
      "scale": "2x",
      "idiom": "iphone",
      "filename": "screen.png"
    }
  ],
  "properties": {},
  "info": {
    "version": 1,
    "author": "xcode"
  }
}